[
  [
    {
      "y": 0.2,
      "x": 3,
      "c": "#e8e7e3",
      "p": "CHICKLET",
      "a": 7,
      "f": 8
    },
    "\n\n\n\n4",
    {
      "x": 7
    },
    "\n\n\n\n32"
  ],
  [
    {
      "y": -0.95,
      "x": 10
    },
    "\n\n\n\n31"
  ],
  [
    {
      "y": -0.9,
      "x": 2
    },
    "\n\n\n\n3",
    {
      "x": 1
    },
    "\n\n\n\n5",
    {
      "x": 7
    },
    "\n\n\n\n33"
  ],
  [
    {
      "y": -0.85,
      "f": 9
    },
    "\n\n\n\n1",
    {
      "f": 8
    },
    "\n\n\n\n2",
    {
      "x": 3
    },
    "\n\n\n\n6",
    {
      "x": 3
    },
    "\n\n\n\n30",
    {
      "x": 3
    },
    "\n\n\n\n34",
    {
      "f": 6
    },
    "\n\n\n\n35"
  ],
  [
    {
      "y": -0.30000000000000004,
      "x": 3,
      "f": 8
    },
    "\n\n\n\n10",
    {
      "x": 7
    },
    "\n\n\n\n38"
  ],
  [
    {
      "y": -0.95,
      "x": 10
    },
    "\n\n\n\n37"
  ],
  [
    {
      "y": -0.8999999999999999,
      "x": 2
    },
    "\n\n\n\n9",
    {
      "x": 1
    },
    "\n\n\n\n11",
    {
      "x": 7
    },
    "\n\n\n\n39"
  ],
  [
    {
      "y": -0.8500000000000001
    },
    "\n\n\n\n7",
    "\n\n\n\n8",
    {
      "x": 3
    },
    "\n\n\n\n12",
    {
      "c": "#cccccc",
      "f": 6,
      "w": 3,
      "h": 2.75,
      "d": true
    },
    "",
    {
      "c": "#e8e7e3",
      "f": 8
    },
    "\n\n\n\n36",
    {
      "x": 3
    },
    "\n\n\n\n40",
    {
      "f": 6
    },
    "\n\n\n\n41"
  ],
  [
    {
      "y": -0.2999999999999998,
      "x": 3,
      "f": 8
    },
    "\n\n\n\n16",
    {
      "x": 7
    },
    "\n\n\n\n44"
  ],
  [
    {
      "y": -0.8500000000000001,
      "x": 2
    },
    "\n\n\n\n15",
    {
      "x": 1,
      "n": true
    },
    "\n\n\n\n17",
    {
      "x": 5,
      "n": true
    },
    "\n\n\n\n43",
    {
      "x": 1
    },
    "\n\n\n\n45"
  ],
  [
    {
      "y": -0.8500000000000001,
      "t": "#0d0d0b",
      "f": 6
    },
    "\n\n\n\n13",
    {
      "t": "#000000",
      "f": 8
    },
    "\n\n\n\n14",
    {
      "x": 3
    },
    "\n\n\n\n18",
    {
      "x": 3
    },
    "\n\n\n\n42",
    {
      "x": 3
    },
    "\n\n\n\n46",
    {
      "t": "#0d0d0b",
      "f": 6
    },
    "\n\n\n\n47"
  ],
  [
    {
      "y": -0.2999999999999998,
      "x": 3,
      "t": "#000000",
      "f": 8
    },
    "\n\n\n\n22",
    {
      "x": 7
    },
    "\n\n\n\n50"
  ],
  [
    {
      "y": -0.8500000000000001,
      "x": 2
    },
    "\n\n\n\n21",
    {
      "x": 1
    },
    "\n\n\n\n23",
    {
      "x": 5
    },
    "\n\n\n\n49",
    {
      "x": 1
    },
    "\n\n\n\n51"
  ],
  [
    {
      "y": -0.8500000000000001,
      "f": 5
    },
    "\n\n\n\n19",
    {
      "f": 8
    },
    "\n\n\n\n20",
    {
      "x": 3
    },
    "\n\n\n\n24",
    {
      "x": 3
    },
    "\n\n\n\n48",
    {
      "x": 3
    },
    "\n\n\n\n52",
    {
      "f": 9
    },
    "\n\n\n\n53"
  ],
  [
    {
      "y": -0.15000000000000036,
      "x": 2.75
    },
    "\n\n\n\n26",
    "\n\n\n\n27",
    {
      "x": 5.5
    },
    "\n\n\n\n56"
  ],
  [
    {
      "y": -0.8499999999999996,
      "x": 1.75
    },
    "\n\n\n\n25"
  ],
  [
    {
      "rx": 0.25,
      "y": 4.35,
      "x": 11,
      "c": "#ffffff"
    },
    "\n\n\n\n57"
  ],
  [
    {
      "rx": 0.5,
      "y": 4.5,
      "x": 11.75
    },
    "\n\n\n\n58"
  ],
  [
    {
      "r": 15,
      "rx": 0.75,
      "y": 3.25,
      "x": 5.25,
      "c": "#0078a3",
      "t": "#e8e7e3"
    },
    "\n\n\n\n28"
  ],
  [
    {
      "r": 30,
      "rx": 0,
      "y": 0.6,
      "x": 7.75,
      "c": "#ffffff",
      "t": "#000000",
      "h": 1.5
    },
    "\n\n\n\n29"
  ],
  [
    {
      "r": -30,
      "rx": 0.5,
      "y": 7.85,
      "x": 3.75,
      "c": "#e8e7e3",
      "f": 8,
      "h": 1.5
    },
    "\n\n\n\n54"
  ],
  [
    {
      "r": -15,
      "rx": 0,
      "y": 6.9,
      "x": 7.5,
      "c": "#b81b24",
      "t": "#e8e7e3",
      "f": 9
    },
    "\n\n\n\n55"
  ]
]