[
  [
    {
      "y": 0.2,
      "x": 3,
      "c": "#e8e7e3",
      "p": "CHICKLET",
      "a": 7,
      "f": 8
    },
    "3",
    {
      "x": 7
    },
    "8"
  ],
  [
    {
      "y": -0.95,
      "x": 10
    },
    "7"
  ],
  [
    {
      "y": -0.9,
      "x": 2
    },
    "2",
    {
      "x": 1
    },
    "4",
    {
      "x": 7
    },
    "9"
  ],
  [
    {
      "y": -0.85,
      "a": 5,
      "f": 9
    },
    "`\n~",
    {
      "a": 7,
      "f": 8
    },
    "1",
    {
      "x": 3
    },
    "5",
    {
      "x": 3
    },
    "6",
    {
      "x": 3
    },
    "10",
    {
      "f": 6
    },
    ""
  ],
  [
    {
      "y": -0.30000000000000004,
      "x": 3,
      "f": 8
    },
    "E",
    {
      "x": 7
    },
    "I"
  ],
  [
    {
      "y": -0.95,
      "x": 10
    },
    "U"
  ],
  [
    {
      "y": -0.8999999999999999,
      "x": 2
    },
    "W",
    {
      "x": 1
    },
    "R",
    {
      "x": 7
    },
    "O"
  ],
  [
    {
      "y": -0.8500000000000001,
      "a": 5
    },
    "<i class='mss mss-Unicode-Escape-3'></i>",
    {
      "a": 7
    },
    "Q",
    {
      "x": 3
    },
    "T",
    {
      "c": "#cccccc",
      "f": 6,
      "w": 3,
      "h": 2.75,
      "d": true
    },
    "",
    {
      "c": "#e8e7e3",
      "f": 8
    },
    "Y",
    {
      "x": 3
    },
    "P",
    {
      "f": 6
    },
    "<i class='kb kb-Unicode-BackSpace-DeleteLeft-Big'></i>"
  ],
  [
    {
      "y": -0.2999999999999998,
      "x": 3,
      "f": 8
    },
    "D",
    {
      "x": 7
    },
    "K"
  ],
  [
    {
      "y": -0.8500000000000001,
      "x": 2
    },
    "S",
    {
      "x": 1,
      "n": true
    },
    "F",
    {
      "x": 5,
      "n": true
    },
    "J",
    {
      "x": 1
    },
    "L"
  ],
  [
    {
      "y": -0.8500000000000001,
      "t": "#0d0d0b",
      "f": 6
    },
    "tab",
    {
      "t": "#000000",
      "f": 8
    },
    "A",
    {
      "x": 3
    },
    "G",
    {
      "x": 3
    },
    "H",
    {
      "x": 3
    },
    ";",
    {
      "t": "#0d0d0b",
      "f": 6
    },
    "'"
  ],
  [
    {
      "y": -0.2999999999999998,
      "x": 3,
      "t": "#000000",
      "f": 8
    },
    "C",
    {
      "x": 7
    },
    ","
  ],
  [
    {
      "y": -0.8500000000000001,
      "x": 2
    },
    "X",
    {
      "x": 1
    },
    "V",
    {
      "x": 5
    },
    "M",
    {
      "x": 1
    },
    "."
  ],
  [
    {
      "y": -0.8500000000000001,
      "f": 5
    },
    "shift",
    {
      "f": 8
    },
    "Z",
    {
      "x": 3
    },
    "B",
    {
      "x": 3
    },
    "N",
    {
      "x": 3
    },
    "/",
    {
      "f": 5
    },
    "shift"
  ],
  [
    {
      "y": -0.15000000000000036,
      "x": 2.75,
      "f": 9
    },
    "<i class='mss mss-Unicode-Option-3'></i>",
    "<i class='mss mss-Unicode-Command-3'></i>",
    {
      "x": 5.5
    },
    "<i class='mss mss-Unicode-Command-3'></i>"
  ],
  [
    {
      "y": -0.8499999999999996,
      "x": 1.75,
      "a": 5
    },
    "<i class='fa fa-angle-up'></i>"
  ],
  [
    {
      "rx": 0.25,
      "y": 4.35,
      "x": 11,
      "c": "#ffffff",
      "a": 7
    },
    "<i class='mss mss-Unicode-Option-3'></i>"
  ],
  [
    {
      "rx": 0.5,
      "y": 4.5,
      "x": 11.75,
      "a": 5
    },
    "<i class='fa fa-angle-up'></i>"
  ],
  [
    {
      "r": 15,
      "rx": 0.75,
      "y": 3.25,
      "x": 5.25,
      "c": "#0078a3",
      "t": "#e8e7e3",
      "a": 7
    },
    "<i class='kb kb-Arrows-Down-Circle-Filled'></i>"
  ],
  [
    {
      "r": 30,
      "rx": 0,
      "y": 0.6,
      "x": 7.75,
      "c": "#ffffff",
      "t": "#000000",
      "h": 1.5
    },
    "<i class='kb kb-Return-2'></i>"
  ],
  [
    {
      "r": -30,
      "rx": 0.5,
      "y": 7.85,
      "x": 3.75,
      "c": "#e8e7e3",
      "f": 8,
      "h": 1.5
    },
    "spc"
  ],
  [
    {
      "r": -15,
      "rx": 0,
      "y": 6.9,
      "x": 7.5,
      "c": "#b81b24",
      "t": "#e8e7e3",
      "f": 9
    },
    "<i class='kb kb-Arrows-Up-Circle-Filled'></i>"
  ]
]