﻿Designator,Footprint,Quantity,Value,LCSC Part #
"D1, D10, D11, D12, D13, D14, D15, D16, D17, D18, D19, D2, D20, D21, D22, D23, D24, D25, D26, D27, D28, D29, D3, D30, D31, D32, D33, D34, D35, D36, D37, D38, D39, D4, D40, D41, D42, D43, D44, D45, D46, D47, D48, D49, D5, D50, D51, D52, D53, D54, D55, D56, D57, D58, D6, D7, D8, D9",D_SOD-123,58,D,
"J1, J2",SSD1306-0.91-OLED-4pin-128x32,2,Conn_01x04_Pin,
"J3, J4",JST_PH_S2B-PH-K_1x02_P2.00mm_Horizontal,2,JST_PH,
"L1, L10, L11, L12, L13, L14, L15, L16, L17, L18, L19, L2, L20, L21, L22, L23, L24, L25, L26, L27, L28, L29, L3, L30, L31, L32, L33, L34, L35, L36, L37, L38, L39, L4, L40, L41, L42, L43, L44, L45, L46, L47, L48, L49, L5, L50, L51, L52, L53, L54, L55, L56, L57, L58, L6, L7, L8, L9",LED_choc_6028R-ROT,58,SK6812MINI,
"SW1, SW10, SW11, SW12, SW13, SW14, SW15, SW16, SW17, SW18, SW19, SW2, SW20, SW21, SW22, SW23, SW24, SW25, SW26, SW27, SW28, SW29, SW3, SW30, SW31, SW32, SW33, SW34, SW35, SW36, SW37, SW38, SW39, SW4, SW40, SW41, SW42, SW43, SW44, SW45, SW46, SW47, SW48, SW49, SW5, SW50, SW51, SW52, SW53, SW54, SW55, SW56, SW57, SW58, SW6, SW7, SW8, SW9",SW_choc_v1_HS_CPG135001S30_1u,58,SW_Push,
"SW59, SW60",ROT_Alps_EC11E-Switch,2,RotaryEncoder_Switch,
"SW61, SW62",SW_SPDT_PCM12,2,SW_SPDT,
